<?xml version="1.0" encoding="UTF-8"?>
<data>
	<borderThickness>1</borderThickness>
	<borderColor>0x0066CC</borderColor>
	<website>www.yahoo.com</website>
	<email>sales@websitetalkingheads.com</email>
	<closeOnComplete>no</closeOnComplete>
	<actor>
		<img>Chantel.png</img>
		<video>Chantel.flv</video>
	</actor>
	<actor>
		<img>Jed.png</img>
		<video>Jed.flv</video>
	</actor>
	<actor>
		<img>Julia.png</img>
		<video>Julia.flv</video>
	</actor>
	<actor>
		<img>Renny.png</img>
		<video>Renny.flv</video>
	</actor>
	<actor>
		<img>Katie.png</img>
		<video>Katie.flv</video>
	</actor>
	<actor>
		<img>Don.png</img>
		<video>Don.flv</video>
	</actor>
	<actor>
		<img>Gretchen.png</img>
		<video>Gretchen.flv</video>
	</actor>
	<actor>
		<img>Amanda.png</img>
		<video>Amanda.flv</video>
	</actor>
	<actor>
		<img>Maria.png</img>
		<video>Maria.flv</video>
	</actor>
	<actor>
		<img>Sade.png</img>
		<video>Sade.flv</video>
	</actor>
	<actor>
		<img>Brad.png</img>
		<video>Brad.flv</video>
	</actor>
	<actor>
		<img>Teale.png</img>
		<video>Teale.flv</video>
	</actor>
	<actor>
		<img>Kalli.png</img>
		<video>Kalli.flv</video>
	</actor>
	<actor>
		<img>Jeni.png</img>
		<video>Jeni.flv</video>
	</actor>
	<actor>
		<img>Shona.png</img>
		<video>Shona.flv</video>
	</actor>
	<actor>
		<img>Krystal.png</img>
		<video>Krystal.flv</video>
	</actor>
	<actor>
		<img>Tiffany.png</img>
		<video>Tiffany.flv</video>
	</actor>
	<actor>
		<img>LaVonne.png</img>
		<video>LaVonne.flv</video>
	</actor>
		<actor>
		<img>Ilene.png</img>
		<video>Ilene.flv</video>
	</actor>
		<actor>
		<img>Mariah.png</img>
		<video>Mariah.flv</video>
	</actor>
		<actor>
		<img>Joey.png</img>
		<video>Joey.flv</video>
	</actor>
	<actor>
		<img>Ron.png</img>
		<video>Ron.flv</video>
	</actor>
	<actor>
		<img>Mariette.png</img>
		<video>Mariette.flv</video>
	</actor>
	<actor>
		<img>Andrea.png</img>
		<video>Andrea.flv</video>
	</actor>
	<actor>
		<img>Heather.png</img>
		<video>Heather.flv</video>
	</actor>
	<actor>
		<img>Cydney.png</img>
		<video>Cydney.flv</video>
	</actor>
	<actor>
		<img>Carly.png</img>
		<video>Carly.flv</video>
	</actor>
	<actor>
		<img>Anna.png</img>
		<video>Anna.flv</video>
	</actor>
	<actor>
		<img>Liz.png</img>
		<video>Liz.flv</video>
	</actor>
	<actor>
		<img>Lonzo.png</img>
		<video>Lonzo.flv</video>
	</actor>
		<actor>
		<img>Arianna.png</img>
		<video>Arianna.flv</video>
	</actor>
		<actor>
		<img>Lina.png</img>
		<video>Lina.flv</video>
	</actor>
	<actor>
		<img>Elizabeth.png</img>
		<video>Elizabeth.flv</video>
	</actor>
	<actor>
		<img>Nicole.png</img>
		<video>Nicole.flv</video>
	</actor>
	<actor>
		<img>Cathleen.png</img>
		<video>Cathleen.flv</video>
	</actor>
	<actor>
		<img>Amy.png</img>
		<video>Amy.flv</video>
	</actor>
	<actor>
		<img>Daniel.png</img>
		<video>Daniel.flv</video>
	</actor>
	<actor>
		<img>Thora.png</img>
		<video>Thora.flv</video>
	</actor>
	<actor>
		<img>Wendy.png</img>
		<video>Wendy.flv</video>
	</actor>
	<actor>
		<img>Denise.png</img>
		<video>Denise.flv</video>
	</actor>
	<actor>
		<img>Temple.png</img>
		<video>Temple.flv</video>
	</actor>
		<actor>
		<img>Tiani.png</img>
		<video>Tiani.flv</video>
	</actor>
		<actor>
		<img>Whitney.png</img>
		<video>Whitney.flv</video>
	</actor>
		<actor>
		<img>Elise.png</img>
		<video>Elise.flv</video>
	</actor>
	<actor>
		<img>Baylee.png</img>
		<video>Baylee.flv</video>
	</actor>
	<actor>
		<img>Jacqui.png</img>
		<video>Jacqui.flv</video>
	</actor>	
	<actor>
		<img>Shamara.png</img>
		<video>Shamara.flv</video>
	</actor>
	<actor>
		<img>Lena.png</img>
		<video>Lena.flv</video>
	</actor>
	<actor>
		<img>Joanna.png</img>
		<video>Joanna.flv</video>
	</actor>
	<actor>
		<img>TerryG.png</img>
		<video>TerryG.flv</video>
	</actor>
	<actor>
		<img>Jack.png</img>
		<video>Jack.flv</video>
	</actor>
		<actor>
		<img>Steven.png</img>
		<video>Steven.flv</video>
	</actor>
		<actor>
		<img>Shaylon.png</img>
		<video>Shaylon.flv</video>
	</actor>
	<actor>
		<img>Bret.png</img>
		<video>Bret.flv</video>
	</actor>
	<actor>
		<img>Michael.png</img>
		<video>Michael.flv</video>
	</actor>	
	<actor>
		<img>Randall.png</img>
		<video>Randall.flv</video>
	</actor>
	<actor>
		<img>Walt.png</img>
		<video>Walt.flv</video>
	</actor>
	<actor>
		<img>Rich.png</img>
		<video>Rich.flv</video>
	</actor>
	<actor>
		<img>Terry.png</img>
		<video>Terry.flv</video>
	</actor>
	<actor>
		<img>Paul.png</img>
		<video>Paul.flv</video>
	</actor>
	
</data>