<?xml version="1.0" encoding="utf-8" ?>
<dwsync>
<file name="ExitBtn.png" server="vqs12.v4.pair.com//usr/home/working/public_html/wth/" local="131320876090341506" remote="130887612000000000" Dst="1" />
<file name="PauseBtn.png" server="vqs12.v4.pair.com//usr/home/working/public_html/wth/" local="131320876130638425" remote="130887612000000000" Dst="1" />
<file name="PlayBtn.png" server="vqs12.v4.pair.com//usr/home/working/public_html/wth/" local="131320876104541629" remote="130887612000000000" Dst="1" />
<file name="RestartBtn.png" server="vqs12.v4.pair.com//usr/home/working/public_html/wth/" local="131320876112733050" remote="130887612000000000" Dst="1" />
<file name="VolumeBtn.png" server="vqs12.v4.pair.com//usr/home/working/public_html/wth/" local="131320876118129294" remote="130887612000000000" Dst="1" />
<file name="VolumeBtnMute.png" server="vqs12.v4.pair.com//usr/home/working/public_html/wth/" local="131320876121631405" remote="130887612000000000" Dst="1" />
<file name="carousel3column.php" server="vqs12.v4.pair.com//usr/home/working/public_html/wth/" local="130607382233768873" remote="130195548000000000" Dst="1" />
<file name="changeVideo.js" server="vqs12.v4.pair.com//usr/home/working/public_html/wth/" local="130607382238439140" remote="130426236000000000" Dst="1" />
<file name="closebutton.png" server="vqs12.v4.pair.com//usr/home/working/public_html/wth/" local="130607382246549604" remote="130179996000000000" Dst="1" />
<file name="flashbackup.php" server="vqs12.v4.pair.com//usr/home/working/public_html/wth/" local="130607382249169754" remote="130179996000000000" Dst="1" />
<file name="homeplayer.css" server="vqs12.v4.pair.com//usr/home/working/public_html/wth/" local="131320876127368978" remote="130887612000000000" Dst="1" />
<file name="homeplayer3.css" server="vqs12.v4.pair.com//usr/home/working/public_html/wth/" local="130607382256360165" remote="130195548000000000" Dst="1" />
<file name="player.css" server="vqs12.v4.pair.com//usr/home/working/public_html/wth/" local="130607382259030318" remote="130341564000000000" Dst="1" />
<file name="changeVideoSmall.js" server="vqs12.v4.pair.com//usr/home/working/public_html/wth/" local="130607382243159410" remote="130426236000000000" Dst="1" />
<file name="smallplayer.css" server="vqs12.v4.pair.com//usr/home/working/public_html/wth/" local="130607382263000545" remote="130426236000000000" Dst="1" />
<file name="carousel3column.php" server="C:/wamp/www/WTH/" local="130607382233768873" remote="130607382230000000" Dst="2" />
<file name="changeVideo.js" server="C:/wamp/www/WTH/" local="130607382238439140" remote="130607382230000000" Dst="2" />
<file name="changeVideoSmall.js" server="C:/wamp/www/WTH/" local="130607382243159410" remote="130607382240000000" Dst="2" />
<file name="closebutton.png" server="C:/wamp/www/WTH/" local="130607382246549604" remote="130607382240000000" Dst="2" />
<file name="ExitBtn.png" server="C:/wamp/www/WTH/" local="130607382204407193" remote="130607382200000000" Dst="2" />
<file name="flashbackup.php" server="C:/wamp/www/WTH/" local="130607382249169754" remote="130607382240000000" Dst="2" />
<file name="homeplayer.css" server="C:/wamp/www/WTH/" local="130607382253189984" remote="130607382250000000" Dst="2" />
<file name="homeplayer3.css" server="C:/wamp/www/WTH/" local="130607382256360165" remote="130607382250000000" Dst="2" />
<file name="PauseBtn.png" server="C:/wamp/www/WTH/" local="130607382210487541" remote="130607382210000000" Dst="2" />
<file name="PlayBtn.png" server="C:/wamp/www/WTH/" local="130607382216417880" remote="130607382210000000" Dst="2" />
<file name="player.css" server="C:/wamp/www/WTH/" local="130607382259030318" remote="130607382250000000" Dst="2" />
<file name="RestartBtn.png" server="C:/wamp/www/WTH/" local="130607382222918252" remote="130607382220000000" Dst="2" />
<file name="smallplayer.css" server="C:/wamp/www/WTH/" local="130607382263000545" remote="130607382260000000" Dst="2" />
<file name="VolumeBtn.png" server="C:/wamp/www/WTH/" local="130607382227938539" remote="130607382220000000" Dst="2" />
<file name="VolumeBtnMute.png" server="C:/wamp/www/WTH/" local="130607382235618979" remote="130607382230000000" Dst="2" />
<file name="poster.png" server="vqs12.v4.pair.com//usr/home/working/public_html/wth/" local="131320876129870981" remote="130887612000000000" Dst="1" />
<file name="poster.psd" server="vqs12.v4.pair.com//usr/home/working/public_html/wth/" local="131320876132710139" remote="130887612000000000" Dst="1" />
<file name="actors.php" server="vqs12.v4.pair.com//usr/home/working/public_html/wth/" local="131320876124212137" remote="130887612000000000" Dst="1" />
<file name="actors.php" server="C:/wamp/www/WTH/" local="130888070457480080" remote="130888070450000000" Dst="2" />
<file name="PlayerBase.png" server="vqs12.v4.pair.com//usr/home/working/public_html/wth/" local="131320876108615237" remote="130179996000000000" Dst="1" />
<file name="ExitBtn_on.png" server="vqs12.v4.pair.com//usr/home/working/public_html/wth/" local="131320876110926707" remote="130179996000000000" Dst="1" />
<file name="RestartBtn_on.png" server="vqs12.v4.pair.com//usr/home/working/public_html/wth/" local="131320876116150824" remote="130179996000000000" Dst="1" />
</dwsync>