<?xml version="1.0" encoding="utf-8" ?>
<dwsync>
<file name="closebutton.png" server="vqs674.pair.com//usr/www/users/working/wth/" local="130180358165340233" remote="130180431600000000" Dst="2" />
<file name="ExitBtn.png" server="vqs674.pair.com//usr/www/users/working/wth/" local="130180358165420237" remote="130180431600000000" Dst="2" />
<file name="PauseBtn.png" server="vqs674.pair.com//usr/www/users/working/wth/" local="130180358165510243" remote="130180431600000000" Dst="2" />
<file name="PlayBtn.png" server="vqs674.pair.com//usr/www/users/working/wth/" local="130180358165590247" remote="130180431600000000" Dst="2" />
<file name="RestartBtn_on.png" server="vqs674.pair.com//usr/www/users/working/wth/" local="130180358165850262" remote="130180431600000000" Dst="2" />
<file name="VolumeBtn.png" server="vqs674.pair.com//usr/www/users/working/wth/" local="130180358165940267" remote="130180431600000000" Dst="2" />
<file name="changeVideo.js" server="vqs674.pair.com//usr/www/users/working/wth/" local="130196132172428173" remote="130196203800000000" Dst="2" />
<file name="RestartBtn.png" server="vqs674.pair.com//usr/www/users/working/wth/" local="130180358165770257" remote="130180431600000000" Dst="2" />
<file name="VolumeBtnMute.png" server="vqs674.pair.com//usr/www/users/working/wth/" local="130180358166030272" remote="130180431600000000" Dst="2" />
<file name="player.css" server="vqs674.pair.com//usr/www/users/working/wth/" local="130180421762517783" remote="130180493400000000" Dst="2" />
<file name="flashbackup.php" server="vqs674.pair.com//usr/www/users/working/wth/" local="130180366468025119" remote="130180438200000000" Dst="2" />
<file name="ExitBtn_on.png" server="vqs674.pair.com//usr/www/users/working/wth/" local="130180365329620006" remote="130180437000000000" Dst="2" />
<file name="PlayerBase.png" server="vqs674.pair.com//usr/www/users/working/wth/" local="130180358165680252" remote="130180453200000000" Dst="2" />
<file name="homeplayer.css" server="vqs674.pair.com//usr/www/users/working/wth/" local="130196137960339222" remote="130196209800000000" Dst="2" />
<file name="carousel3column.php" server="vqs674.pair.com//usr/www/users/working/wth/" local="130196124513940132" remote="130196196000000000" Dst="2" />
<file name="homeplayer3.css" server="vqs674.pair.com//usr/www/users/working/wth/" local="130196136136624912" remote="130196208000000000" Dst="2" />
</dwsync>