<?xml version="1.0" encoding="utf-8" ?>
<dwsync>
<file name="ExitBtn.png" server="vqs12.v4.pair.com//usr/home/working/public_html/wth/" local="130885451673867138" remote="130888081800000000" Dst="2" />
<file name="PauseBtn.png" server="vqs12.v4.pair.com//usr/home/working/public_html/wth/" local="130885452822324920" remote="130888081800000000" Dst="2" />
<file name="PlayBtn.png" server="vqs12.v4.pair.com//usr/home/working/public_html/wth/" local="130885452541844059" remote="130888081800000000" Dst="2" />
<file name="RestartBtn.png" server="vqs12.v4.pair.com//usr/home/working/public_html/wth/" local="130885452293563015" remote="130888081800000000" Dst="2" />
<file name="VolumeBtn.png" server="vqs12.v4.pair.com//usr/home/working/public_html/wth/" local="130885450351859903" remote="130888081800000000" Dst="2" />
<file name="VolumeBtnMute.png" server="vqs12.v4.pair.com//usr/home/working/public_html/wth/" local="130885457309805832" remote="130888081800000000" Dst="2" />
<file name="carousel3column.php" server="vqs12.v4.pair.com//usr/home/working/public_html/wth/" local="130607382233768873" remote="130195548000000000" Dst="1" />
<file name="changeVideo.js" server="vqs12.v4.pair.com//usr/home/working/public_html/wth/" local="130607382238439140" remote="130426236000000000" Dst="1" />
<file name="closebutton.png" server="vqs12.v4.pair.com//usr/home/working/public_html/wth/" local="130607382246549604" remote="130179996000000000" Dst="1" />
<file name="flashbackup.php" server="vqs12.v4.pair.com//usr/home/working/public_html/wth/" local="130607382249169754" remote="130179996000000000" Dst="1" />
<file name="homeplayer.css" server="vqs12.v4.pair.com//usr/home/working/public_html/wth/" local="130888031558055388" remote="130888103400000000" Dst="2" />
<file name="homeplayer3.css" server="vqs12.v4.pair.com//usr/home/working/public_html/wth/" local="130607382256360165" remote="130195548000000000" Dst="1" />
<file name="player.css" server="vqs12.v4.pair.com//usr/home/working/public_html/wth/" local="130607382259030318" remote="130341564000000000" Dst="1" />
<file name="changeVideoSmall.js" server="vqs12.v4.pair.com//usr/home/working/public_html/wth/" local="130607382243159410" remote="130426236000000000" Dst="1" />
<file name="smallplayer.css" server="vqs12.v4.pair.com//usr/home/working/public_html/wth/" local="130607382263000545" remote="130426236000000000" Dst="1" />
<file name="carousel3column.php" server="C:/wamp/www/WTH/" local="130607382233768873" remote="130607382230000000" Dst="2" />
<file name="changeVideo.js" server="C:/wamp/www/WTH/" local="130607382238439140" remote="130607382230000000" Dst="2" />
<file name="changeVideoSmall.js" server="C:/wamp/www/WTH/" local="130607382243159410" remote="130607382240000000" Dst="2" />
<file name="closebutton.png" server="C:/wamp/www/WTH/" local="130607382246549604" remote="130607382240000000" Dst="2" />
<file name="ExitBtn.png" server="C:/wamp/www/WTH/" local="130607382204407193" remote="130607382200000000" Dst="2" />
<file name="flashbackup.php" server="C:/wamp/www/WTH/" local="130607382249169754" remote="130607382240000000" Dst="2" />
<file name="homeplayer.css" server="C:/wamp/www/WTH/" local="130607382253189984" remote="130607382250000000" Dst="2" />
<file name="homeplayer3.css" server="C:/wamp/www/WTH/" local="130607382256360165" remote="130607382250000000" Dst="2" />
<file name="PauseBtn.png" server="C:/wamp/www/WTH/" local="130607382210487541" remote="130607382210000000" Dst="2" />
<file name="PlayBtn.png" server="C:/wamp/www/WTH/" local="130607382216417880" remote="130607382210000000" Dst="2" />
<file name="player.css" server="C:/wamp/www/WTH/" local="130607382259030318" remote="130607382250000000" Dst="2" />
<file name="RestartBtn.png" server="C:/wamp/www/WTH/" local="130607382222918252" remote="130607382220000000" Dst="2" />
<file name="smallplayer.css" server="C:/wamp/www/WTH/" local="130607382263000545" remote="130607382260000000" Dst="2" />
<file name="VolumeBtn.png" server="C:/wamp/www/WTH/" local="130607382227938539" remote="130607382220000000" Dst="2" />
<file name="VolumeBtnMute.png" server="C:/wamp/www/WTH/" local="130607382235618979" remote="130607382230000000" Dst="2" />
<file name="poster.png" server="vqs12.v4.pair.com//usr/home/working/public_html/wth/" local="130888009045638398" remote="130888081800000000" Dst="2" />
<file name="poster.psd" server="vqs12.v4.pair.com//usr/home/working/public_html/wth/" local="130888008971749365" remote="130888081800000000" Dst="2" />
</dwsync>